Isaac, Ryan, N/A, 30, 2
Sophie, Ryan, sophiehenri613@gmail.com, 30, 6
Declan, Ryan, declanhagley@gmail.com, 30, 6
Isla, Nick, lindseycurran@hotmail.com, 35, 7
Cameryn, Nick, lindseycurran@hotmail.com, 30, 4
Clare, Nick, clarekwiatkowski00@gmail.com, 40, 8
Munreet, Jonah, munreetcheema16@gmail.com, 30, 6
Ikjot, Ryan, IkjotCheema2008@gmail.com, 30, 6
Cassidy, Ryan, cassidyy148@gmail.com, 30, 6
